{
    "user_not_initialized": [
        "👋 Здравствуйте, {buyer_username}!",
        "",
        "🗨️ Меня зовут Илья Если будут какие-то вопросы обращайтесь 🤝. Напишите !продавец что бы позвать меня.",
        "",
        "🕹️ На данный момент дарю вам ган пак https://drive.google.com/file/d/1iQOlmABTdadS68aJW3c4YpUanTKqjgw0/view."
    ],
    "command_error": [
        "✗ При вводе команды произошла непредвиденная ошибка"
    ],
    "command_incorrect_use_error": [
        "✗ Неверное использование команды. Используйте {correct_use}"
    ],
    "buyer_command_commands": [
        "🕹️ Основные команды:",
        "→ !продавец — уведомить и позвать продавца в этот чат"
    ],
    "buyer_command_seller": [
        "💬 Продавец был вызван в этот чат. Ожидайте, пока он подключиться к диалогу..."
    ],
    "deal_confirmed": [
        "🌟 Спасибо за успешную сделку. Буду рад, если оставите отзыв. Жду вас в своём магазине в следующий раз, удачи!"
    ]
}